# layer number, internal velocity Dix[/c], epsilon_r, error [%],         internal velocity non Dix [/c], epsilon_r non Dix, error non Dix [%]
1,0.493896294696152,4.099477092635031,2.486927315875787,0.499293741665290,4.011324120967330,0.283103024183240
2,0.382523712002148,6.834130648575677,13.902177476261279,0.393902439024390,6.444996118049636,7.416601967493941
3,0.313939484614472,10.146309787130422,12.736775412560242,0.322600000000000,9.608846903779694,6.764965597552160
4,0.360000000000000,7.716049382716049,28.600823045267482,0.359999999999999,7.716049382716081,28.600823045268015
5,0.281653282296819,12.605798667386997,40.064429637633303,0.287142857142857,12.128412663052890,34.760140700587669
