# layer number, internal velocity Dix[/c], epsilon_r, error [%],         internal velocity non Dix [/c], epsilon_r non Dix, error non Dix [%]
1,0.491703824213075,4.136117120424665,3.402928010616613,0.497862682613087,4.034417604664498,0.860440116612438
2,0.393610554092091,6.454558335038813,7.575972250646886,0.402682926829268,6.166994582509878,2.783243041831307
3,0.332528515582068,9.043618065593284,0.484645173258712,0.338660968660969,8.719060828324295,-3.121546351952276
4,0.370000000000000,7.304601899196492,21.743364986608206,0.370000000000000,7.304601899196490,21.743364986608174
5,0.345173362963145,8.393159036594650,-6.742677371170558,0.345677603423680,8.368690667227913,-7.014548141912079
