# layer number, internal velocity Dix[/c], epsilon_r, error [%],         internal velocity non Dix [/c], epsilon_r non Dix, error non Dix [%]
1,0.504438896036661,3.929912373367107,-1.752190665822317,0.509512236733346,3.852039772096177,-3.699005697595581
2,0.355990545229340,7.890837006100972,31.513950101682873,0.374878048780488,7.115738481160230,18.595641352670501
3,0.600216627560417,2.775773052795205,-69.158077191164395,0.604000000000000,2.741107846147100,-69.543246153921118
4,3.373580575833241,0.087865386770469,-98.535576887158854,7.612131147540984,0.017257881234680,-99.712368646088663
5,1.000000000000000,1.000000000000000,-88.888888888888886,1.000000000000000,1.000000000000000,-88.888888888888886
