# layer number, internal velocity Dix[/c], epsilon_r, error [%],         internal velocity non Dix [/c], epsilon_r non Dix, error non Dix [%]
1,0.481620569012871,4.311118366792423,7.777959169810567,0.487972248330855,4.199617651721896,4.990441293047398
2,0.403513976724183,6.141618497109826,2.360308285163774,0.408235294117647,6.000382031243512,0.006367187391865
3,0.464966853396327,4.625471528650977,-48.605871903878025,0.465048543689320,4.623846653388017,-48.623926073466478
4,nan,nan,nan,-0.408695652173913,5.986871887732009,-0.218801871133190
