# layer number, internal velocity Dix[/c], epsilon_r, error [%],         internal velocity non Dix [/c], epsilon_r non Dix, error non Dix [%]
1,0.480919418404269,4.323698215460365,8.092455386509133,0.487522324665533,4.207372698675163,5.184317466879085
2,0.405241395016963,6.089370466553238,1.489507775887292,0.409705882352941,5.957384089970930,-0.710265167151173
3,0.322143315605762,9.636110054520096,7.067889494667728,0.329605263157895,9.204744204206357,2.274935602292850
4,0.527333865389463,3.596074452804033,-40.065425786599455,0.553351955307263,3.265856530528150,-45.569057824530837
