# layer number, internal velocity Dix[/c], epsilon_r, error [%],         internal velocity non Dix [/c], epsilon_r non Dix, error non Dix [%]
1,0.504334700474274,3.931536381109273,-1.711590472268187,0.509443085593734,3.853085584773436,-3.672860380664111
2,0.358413505554486,7.784509763463453,29.741829391057557,0.376626506024096,7.049823391127764,17.497056518796064
3,0.329150421540061,9.230201218386561,2.557791315406237,0.336000000000000,8.857709750566897,-1.581002771478918
4,0.138412660245113,52.197339619464429,769.955660324407177,0.208709677419355,22.956983724669048,282.616395411150791
5,0.592729762563490,2.846338388972471,-68.374017900305873,0.627142857142857,2.542535582526034,-71.749604638599635
